{
  "file": {
    "name": "dietikon_tileable.pdf",
    "width": 2778.585205,
    "height": 2355.390137
  },
  "transformation": [
    [2.0808647301766126, -0.025848016915257593, 933124.1602306599],
    [0.025848016915257593, 2.0808647301766126, -6010941.437061455],
    [0, 0, 1]
  ],
  "inverseTransformation": [
    [0.4804953003474222, 0.005968600683633971, -412484.8644609383],
    [-0.005968600683633971, 0.4804953003474222, 2893798.5566722774],
    [0, 0, 1]
  ],
  "exportDate": 1652302071182,
  "rawData": {
    "canvasPoints": [
      [1451.6, 888],
      [1277.2, 1116],
      [1336.4, 1416],
      [1546.4, 1585.6],
      [1880.8, 1652.8],
      [1831.2, 1586.8],
      [2220.4, 1520.8],
      [2423.2, 1442.8],
      [2585.2, 1470.4],
      [2600, 1711.2],
      [2450.8, 1784.8],
      [2307.6, 1833.6],
      [2063.2, 1911.6],
      [1866.8, 1991.6],
      [1741.6, 1966.4],
      [1624.8, 1832.4],
      [1197.6, 1718.4],
      [1469.2, 1674],
      [2128.4, 1699.6],
      [2054.4, 1848.8],
      [2300, 1754.8],
      [2183.6, 1638],
      [2004.4, 1782],
      [1920, 1806.4],
      [1800.8, 1826],
      [1724.8, 1723.6],
      [1722.8, 1834.4],
      [1607.6, 1686],
      [1321.2, 1686.8],
      [1292.4, 1555.6],
      [1378.4, 1537.6],
      [1117.2, 1391.2],
      [1162.4, 1599.2],
      [1281.2, 1296.8],
      [1127.2, 1228],
      [1110.4, 999.6],
      [1030, 866.8],
      [1303.6, 840],
      [566.4, 932.8],
      [771.2, 1000],
      [948.4, 1199.2],
      [800.8, 1324],
      [764.4, 1188.4],
      [656.4, 1154.8],
      [522.8, 1033.6],
      [547.6, 1231.2],
      [579.6, 1553.6],
      [586.8, 1371.6],
      [664.4, 1737.2],
      [828.4, 1880.4],
      [1016.4, 2031.2],
      [945.6, 1595.6]
    ],
    "gpsPoints": [
      [936118.1986115602, -6009061.736615712],
      [935758.7089862291, -6008575.644888963],
      [935867.3918962134, -6007964.148662685],
      [936301.1111652893, -6007603.750686909],
      [936994.6645119544, -6007454.19369132],
      [936891.9531904313, -6007595.124462223],
      [937708.7871816834, -6007726.05739672],
      [938131.5756446978, -6007881.320110424],
      [938466.2411901844, -6007818.883785377],
      [938477.1533350359, -6007315.800868627],
      [938173.7966412341, -6007162.926812056],
      [937875.7117403746, -6007059.174183149],
      [937363.4894095584, -6006909.164649],
      [936960.715098497, -6006745.788898663],
      [936697.9652062283, -6006800.728012742],
      [936461.0377687506, -6007084.33905928],
      [935572.218144727, -6007335.274022683],
      [936138.3247307928, -6007414.099708102],
      [937506.6815694168, -6007347.226639051],
      [937351.4202694434, -6007041.478525903],
      [937863.7825593618, -6007227.793782348],
      [937626.1133386296, -6007477.40845284],
      [937249.2734496433, -6007180.585146533],
      [937073.7087489013, -6007130.42334672],
      [936825.2906689361, -6007095.787818277],
      [936670.0845375409, -6007306.680117265],
      [936660.5299960054, -6007074.980375273],
      [936426.8309485392, -6007391.472780172],
      [935829.672102476, -6007397.4444230115],
      [935773.431868964, -6007672.247296362],
      [935951.3852050919, -6007710.4658105085],
      [935410.9144616735, -6008022.908695108],
      [935501.6826062751, -6007583.395782468],
      [935755.3818097851, -6008219.389740414],
      [935441.276256755, -6008357.93185418],
      [935409.0296790691, -6008835.663280958],
      [935245.5901020817, -6009117.258898038],
      [935816.4739589153, -6009168.61502642],
      [934291.404910933, -6008975.870923233],
      [934703.4445147141, -6008843.300452309],
      [935064.5809921721, -6008422.23898295],
      [934763.6129337568, -6008164.264012491],
      [934681.6575474408, -6008453.41282469],
      [934458.3201390121, -6008522.683881575],
      [934183.0532374958, -6008776.9079138795],
      [934230.3547495293, -6008361.743441827],
      [934291.0503478698, -6007693.8618442165],
      [934308.965113248, -6008072.463999947],
      [934462.0150593756, -6007303.2790800575],
      [934799.1438850985, -6006998.7066341005],
      [935188.8226892807, -6006686.207765347],
      [935046.8481736273, -6007597.923669799]
    ],
    "gpsPointsLatLng": [
      [47.40882399715331, 8.409292855551982],
      [47.405868738143006, 8.40606350530281],
      [47.40215083038309, 8.407039820494424],
      [47.39995948148302, 8.410935986978703],
      [47.39905009457164, 8.41716628269532],
      [47.39990702982741, 8.416243611195556],
      [47.40070316034465, 8.423581355784858],
      [47.401647211157, 8.427379329167609],
      [47.401267578814895, 8.430385680913398],
      [47.398208577849196, 8.430483706378423],
      [47.397278990355446, 8.427758606832603],
      [47.39664808818254, 8.42508086460853],
      [47.39573589224264, 8.420479493122134],
      [47.39474239944991, 8.416861309925363],
      [47.395076487925536, 8.414500987484105],
      [47.39680111222824, 8.41237263210097],
      [47.39832698787153, 8.404388229570113],
      [47.3988062989375, 8.40947365155715],
      [47.39839966777741, 8.421765810179803],
      [47.39654048313232, 8.42037107419182],
      [47.397673431583144, 8.42497370295222],
      [47.39919125382738, 8.422838684016735],
      [47.39738636694591, 8.419453473697313],
      [47.39708134309757, 8.417876349157028],
      [47.39687073036224, 8.415644771576185],
      [47.39815311738547, 8.414250531175972],
      [47.39674420344889, 8.41416470126903],
      [47.39866871305141, 8.4120653470068],
      [47.39870502441297, 8.406700977822142],
      [47.40037597244084, 8.406195763208679],
      [47.40060835719198, 8.407794345225717],
      [47.4025081038046, 8.402939213931395],
      [47.3998357136472, 8.403754598047463],
      [47.40370273250839, 8.406033616768283],
      [47.404545069160996, 8.403211958577145],
      [47.407449575007995, 8.402922282641187],
      [47.40916154166868, 8.401454079940809],
      [47.40947375636542, 8.406582416881317],
      [47.40830197736514, 8.392882488529915],
      [47.407496006090916, 8.396583903267306],
      [47.40493605220593, 8.399828047440844],
      [47.403367564097664, 8.39712440537178],
      [47.40512558603579, 8.396388187610345],
      [47.405546744669884, 8.394381913535273],
      [47.407092363463285, 8.39190914888683],
      [47.40456824344006, 8.392334065599046],
      [47.40050739817125, 8.392879303435727],
      [47.40280940865277, 8.393040234511233],
      [47.39813243671679, 8.394415105569635],
      [47.39628039176866, 8.397443585338277],
      [47.39438008014661, 8.400944129595219],
      [47.39992405038119, 8.399668750821549]
    ]
  }
}
