{"file":{"name":"baden_uncalibrated.pdf","width":1632.547974,"height":1974.362183},"transformation":[[2.084823690390408,-0.021300745923058285,922689.4323812969],[0.021300745923058285,2.084823690390408,-6021941.737519134],[0,0,1]],"inverseTransformation":[[0.4796068019627262,0.004900166224447257,-413019.6123614164],[-0.004900166224447257,0.4796068019627262,2892685.5499296235],[0,0,1]],"exportDate":1735141335384,"rawData":{"canvasPoints":[[1375.2,507.2],[1328.4,575.6],[1364.8,607.6],[1269.2,741.2],[1169.2,941.6],[1168,1122.8],[1112.8,1229.6],[1040.4,1105.2],[923.2,1221.2],[906.4,991.6],[924,837.6],[1079.6,687.2],[1158.8,543.6],[1224,496.4],[1133.2,700.4]],"gpsPoints":[[925544.1590294221,-6020856.1954163285],[925448.0171511401,-6020715.264645429],[925523.3673179785,-6020646.224523168],[925314.771445855,-6020366.877602841],[925109.0540549031,-6019958.741474491],[925101.0344562638,-6019572.917363211],[924984.5243617679,-6019353.221556384],[924835.2357308911,-6019616.043821304],[924584.6454334303,-6019376.238040702],[924560.1900895837,-6019858.665138194],[924596.6888271958,-6020172.302351368],[924927.7830188593,-6020488.122946447],[925094.5034300231,-6020784.454058758],[925229.432360717,-6020878.033900791],[925037.3258843985,-6020455.194934626]],"gpsPointsLatLng":[[47.48047915455115,8.314304641836788],[47.479623530626554,8.313440984649741],[47.47920436668778,8.31411786671506],[47.477508330983575,8.312244018113732],[47.47503026199159,8.31039602734872],[47.472687556806385,8.310323986068418],[47.471353527916484,8.309277358082019],[47.47294942374098,8.3079362754934],[47.471493289363686,8.30568518455079],[47.47442261339038,8.305465498459231],[47.47632694831612,8.30579337219771],[47.4782444705118,8.308767641926257],[47.4800435976026,8.310265316861488],[47.48061173989027,8.31147740406861],[47.47804454953606,8.309751682230058]]}}